{
  "type": "new_match",
  "params": {
    "lives": {
      "1": 9,
      "2": 9
    },
    "proto_map": {
      "external_id": 1,
      "segments": [
        [
          [
            300,
            100
          ],
          [
            900,
            100
          ],
          10
        ],
        [
          [
            300,
            700
          ],
          [
            900,
            700
          ],
          10
        ],
        [
          [
            300.0,
            700.0
          ],
          [
            268.641461019704,
            698.3565686104821
          ],
          10
        ],
        [
          [
            268.641461019704,
            698.3565686104821
          ],
          [
            237.6264927546722,
            693.4442802201418
          ],
          10
        ],
        [
          [
            237.6264927546722,
            693.4442802201418
          ],
          [
            207.2949016875158,
            685.3169548885461
          ],
          10
        ],
        [
          [
            207.2949016875158,
            685.3169548885461
          ],
          [
            177.97900707725995,
            674.0636372927803
          ],
          10
        ],
        [
          [
            177.97900707725995,
            674.0636372927803
          ],
          [
            150.00000000000006,
            659.8076211353316
          ],
          10
        ],
        [
          [
            150.00000000000006,
            659.8076211353316
          ],
          [
            123.66442431225809,
            642.7050983124842
          ],
          10
        ],
        [
          [
            123.66442431225809,
            642.7050983124842
          ],
          [
            99.26081809234262,
            622.9434476432184
          ],
          10
        ],
        [
          [
            99.26081809234262,
            622.9434476432184
          ],
          [
            77.0565523567818,
            600.7391819076574
          ],
          10
        ],
        [
          [
            77.0565523567818,
            600.7391819076574
          ],
          [
            57.29490168751579,
            576.335575687742
          ],
          10
        ],
        [
          [
            57.29490168751579,
            576.335575687742
          ],
          [
            40.192378864668456,
            550.0000000000001
          ],
          10
        ],
        [
          [
            40.192378864668456,
            550.0000000000001
          ],
          [
            25.936362707219757,
            522.0209929227401
          ],
          10
        ],
        [
          [
            25.936362707219757,
            522.0209929227401
          ],
          [
            14.683045111453964,
            492.70509831248427
          ],
          10
        ],
        [
          [
            14.683045111453964,
            492.70509831248427
          ],
          [
            6.55571977985835,
            462.3735072453279
          ],
          10
        ],
        [
          [
            6.55571977985835,
            462.3735072453279
          ],
          [
            1.643431389518014,
            431.35853898029615
          ],
          10
        ],
        [
          [
            1.643431389518014,
            431.35853898029615
          ],
          [
            0.0,
            400.00000000000006
          ],
          10
        ],
        [
          [
            0.0,
            400.00000000000006
          ],
          [
            1.643431389517957,
            368.6414610197041
          ],
          10
        ],
        [
          [
            1.643431389517957,
            368.6414610197041
          ],
          [
            6.555719779858293,
            337.62649275467226
          ],
          10
        ],
        [
          [
            6.555719779858293,
            337.62649275467226
          ],
          [
            14.683045111453907,
            307.2949016875158
          ],
          10
        ],
        [
          [
            14.683045111453907,
            307.2949016875158
          ],
          [
            25.9363627072197,
            277.97900707726006
          ],
          10
        ],
        [
          [
            25.9363627072197,
            277.97900707726006
          ],
          [
            40.19237886466834,
            250.00000000000006
          ],
          10
        ],
        [
          [
            40.19237886466834,
            250.00000000000006
          ],
          [
            57.29490168751576,
            223.6644243122581
          ],
          10
        ],
        [
          [
            57.29490168751576,
            223.6644243122581
          ],
          [
            77.05655235678165,
            199.26081809234262
          ],
          10
        ],
        [
          [
            77.05655235678165,
            199.26081809234262
          ],
          [
            99.26081809234248,
            177.0565523567818
          ],
          10
        ],
        [
          [
            99.26081809234248,
            177.0565523567818
          ],
          [
            123.66442431225803,
            157.2949016875158
          ],
          10
        ],
        [
          [
            123.66442431225803,
            157.2949016875158
          ],
          [
            149.99999999999986,
            140.1923788646685
          ],
          10
        ],
        [
          [
            149.99999999999986,
            140.1923788646685
          ],
          [
            177.97900707725972,
            125.93636270721981
          ],
          10
        ],
        [
          [
            177.97900707725972,
            125.93636270721981
          ],
          [
            207.29490168751573,
            114.68304511145396
          ],
          10
        ],
        [
          [
            207.29490168751573,
            114.68304511145396
          ],
          [
            237.62649275467206,
            106.55571977985835
          ],
          10
        ],
        [
          [
            237.62649275467206,
            106.55571977985835
          ],
          [
            268.64146101970374,
            101.64343138951801
          ],
          10
        ],
        [
          [
            268.64146101970374,
            101.64343138951801
          ],
          [
            299.99999999999994,
            100.0
          ],
          10
        ],
        [
          [
            900.0,
            700.0
          ],
          [
            931.3585389802961,
            698.356568610482
          ],
          10
        ],
        [
          [
            931.3585389802961,
            698.356568610482
          ],
          [
            962.3735072453278,
            693.4442802201416
          ],
          10
        ],
        [
          [
            962.3735072453278,
            693.4442802201416
          ],
          [
            992.7050983124842,
            685.316954888546
          ],
          10
        ],
        [
          [
            992.7050983124842,
            685.316954888546
          ],
          [
            1022.0209929227401,
            674.0636372927802
          ],
          10
        ],
        [
          [
            1022.0209929227401,
            674.0636372927802
          ],
          [
            1050.0,
            659.8076211353316
          ],
          10
        ],
        [
          [
            1050.0,
            659.8076211353316
          ],
          [
            1076.335575687742,
            642.7050983124842
          ],
          10
        ],
        [
          [
            1076.335575687742,
            642.7050983124842
          ],
          [
            1100.7391819076574,
            622.9434476432183
          ],
          10
